collection,category,validation_status,error_type
shortsleeve,반팔,success,
shortsleeve,반팔,success,
shortsleeve,반팔,success,
shortsleeve,반팔,success,
shortsleeve,반팔,success,
shortsleeve,반팔,success,
shortsleeve,반팔,success,
shortsleeve,반팔,success,
shortsleeve,반팔,success,
shortsleeve,반팔,success,
shortsleeve,반팔,success,
shortsleeve,반팔,success,
shortsleeve,반팔,success,
shortsleeve,반팔,success,
shortsleeve,반팔,success,
shortsleeve,반팔,success,
shortsleeve,반팔,success,
shortsleeve,반팔,success,
shortsleeve,반팔,success,
shortsleeve,반팔,success,
shortsleeve,반팔,success,
shortsleeve,반팔,success,
shortsleeve,반팔,success,
shortsleeve,반팔,success,
shortsleeve,반팔,success,
shortsleeve,반팔,success,
shortsleeve,반팔,success,
shortsleeve,반팔,success,
shortsleeve,반팔,success,
shortsleeve,반팔,success,
shortsleeve,반팔,success,
shortsleeve,반팔,success,
shortsleeve,반팔,success,
shortsleeve,반팔,success,
shortsleeve,반팔,success,
shortsleeve,반팔,success,
shortsleeve,반팔,success,
shortsleeve,반팔,success,
shortsleeve,반팔,success,
shortsleeve,반팔,success,
shortsleeve,반팔,success,
shortsleeve,반팔,success,
shortsleeve,반팔,success,
shortsleeve,반팔,success,
shortsleeve,반팔,success,
shortsleeve,반팔,success,
shortsleeve,반팔,success,
shortsleeve,반팔,success,
shortsleeve,반팔,success,
shortsleeve,반팔,success,
shortsleeve,반팔,success,
shortsleeve,반팔,success,
shortsleeve,반팔,success,
shortsleeve,반팔,success,
shortsleeve,반팔,success,
shortsleeve,반팔,success,
shortsleeve,반팔,success,
shortsleeve,반팔,success,
shortsleeve,반팔,success,
shortsleeve,반팔,success,
shortsleeve,반팔,success,
shortsleeve,반팔,success,
shortsleeve,반팔,success,
shortsleeve,반팔,success,
shortsleeve,반팔,success,
shortsleeve,반팔,success,
shortsleeve,반팔,success,
shortsleeve,반팔,success,
shortsleeve,반팔,success,
shortsleeve,반팔,success,
shortsleeve,반팔,success,
shortsleeve,반팔,success,
shortsleeve,반팔,success,
shortsleeve,반팔,success,
shortsleeve,반팔,success,
shortsleeve,반팔,success,
shortsleeve,반팔,success,
shortsleeve,반팔,success,
shortsleeve,반팔,success,
shortsleeve,반팔,success,
shortsleeve,반팔,different_image,
shortsleeve,반팔,success,
shortsleeve,반팔,success,
shortsleeve,반팔,success,
shortsleeve,반팔,success,
shortsleeve,반팔,success,
shortsleeve,반팔,success,
shortsleeve,반팔,success,
shortsleeve,반팔,success,
shortsleeve,반팔,success,
shortsleeve,반팔,success,
shortsleeve,반팔,success,
shortsleeve,반팔,success,
shortsleeve,반팔,success,
shortsleeve,반팔,success,
shortsleeve,반팔,success,
shortsleeve,반팔,success,
shortsleeve,반팔,success,
shortsleeve,반팔,success,
shortsleeve,반팔,success,
shortsleeve,반팔,success,
shortsleeve,반팔,success,
shortsleeve,반팔,success,
shortsleeve,반팔,success,
shortsleeve,반팔,success,
shortsleeve,반팔,success,
shortsleeve,반팔,success,
shortsleeve,반팔,success,
shortsleeve,반팔,success,
shortsleeve,반팔,success,
shortsleeve,반팔,success,
shortsleeve,반팔,success,
shortsleeve,반팔,success,
shortsleeve,반팔,success,
shortsleeve,반팔,success,
shortsleeve,반팔,success,
shortsleeve,반팔,success,
shortsleeve,반팔,success,
shortsleeve,반팔,success,
shortsleeve,반팔,success,
shortsleeve,반팔,success,
shortsleeve,반팔,success,
shortsleeve,반팔,success,
shortsleeve,반팔,success,
shortsleeve,반팔,success,
shortsleeve,반팔,success,
shortsleeve,반팔,success,
shortsleeve,반팔,success,
shortsleeve,반팔,success,
shortsleeve,반팔,success,
shortsleeve,반팔,success,
shortsleeve,반팔,success,
shortsleeve,반팔,success,
shortsleeve,반팔,success,
shortsleeve,반팔,success,
shortsleeve,반팔,success,
shortsleeve,반팔,success,
shortsleeve,반팔,success,
shortsleeve,반팔,success,
shortsleeve,반팔,success,
shortsleeve,반팔,success,
shortsleeve,반팔,success,
shortsleeve,반팔,success,
shortsleeve,반팔,success,
shortsleeve,반팔,success,
shortsleeve,반팔,success,
shortsleeve,반팔,success,
shortsleeve,반팔,success,
shortsleeve,반팔,success,
shortsleeve,반팔,success,
shortsleeve,반팔,success,
shortsleeve,반팔,success,
shortsleeve,반팔,success,
shortsleeve,반팔,success,
shortsleeve,반팔,success,
shortsleeve,반팔,success,
shortsleeve,반팔,success,
shortsleeve,반팔,success,
shortsleeve,반팔,success,
shortsleeve,반팔,success,
shortsleeve,반팔,success,
shortsleeve,반팔,success,
shortsleeve,반팔,success,
shortsleeve,반팔,success,
shortsleeve,반팔,success,
shortsleeve,반팔,success,
shortsleeve,반팔,different_image,
shortsleeve,반팔,success,
shortsleeve,반팔,success,
shortsleeve,반팔,success,
shortsleeve,반팔,success,
shortsleeve,반팔,success,
shortsleeve,반팔,success,
shortsleeve,반팔,success,
shortsleeve,반팔,success,
shortsleeve,반팔,success,
shortsleeve,반팔,success,
shortsleeve,반팔,success,
shortsleeve,반팔,success,
shortsleeve,반팔,success,
shortsleeve,반팔,success,
shortsleeve,반팔,success,
shortsleeve,반팔,success,
shortsleeve,반팔,success,
shortsleeve,반팔,success,
shortsleeve,반팔,success,
shortsleeve,반팔,success,
shortsleeve,반팔,success,
shortsleeve,반팔,success,
shortsleeve,반팔,success,
shortsleeve,반팔,success,
shortsleeve,반팔,success,
shortsleeve,반팔,success,
shortsleeve,반팔,success,
shortsleeve,반팔,success,
shortsleeve,반팔,success,
shortsleeve,반팔,success,
shortsleeve,반팔,success,
shortsleeve,반팔,success,
shortsleeve,반팔,success,
shortsleeve,반팔,success,
shortsleeve,반팔,success,
shortsleeve,반팔,success,
shortsleeve,반팔,success,
shortsleeve,반팔,success,
shortsleeve,반팔,success,
shortsleeve,반팔,success,
shortsleeve,반팔,different_image,
shortsleeve,반팔,success,
shortsleeve,반팔,success,
shortsleeve,반팔,success,
shortsleeve,반팔,success,
shortsleeve,반팔,success,
shortsleeve,반팔,success,
shortsleeve,반팔,success,
shortsleeve,반팔,success,
shortsleeve,반팔,success,
shortsleeve,반팔,success,
shortsleeve,반팔,success,
shortsleeve,반팔,success,
shortsleeve,반팔,success,
shortsleeve,반팔,success,
shortsleeve,반팔,success,
shortsleeve,반팔,success,
shortsleeve,반팔,success,
shortsleeve,반팔,success,
shortsleeve,반팔,different_image,
shortsleeve,반팔,success,
shortsleeve,반팔,success,
shortsleeve,반팔,success,
shortsleeve,반팔,success,
shortsleeve,반팔,success,
shortsleeve,반팔,success,
shortsleeve,반팔,success,
shortsleeve,반팔,success,
shortsleeve,반팔,success,
shortsleeve,반팔,success,
shortsleeve,반팔,success,
shortsleeve,반팔,success,
shortsleeve,반팔,success,
shortsleeve,반팔,success,
shortsleeve,반팔,success,
shortsleeve,반팔,success,
shortsleeve,반팔,success,
shortsleeve,반팔,success,
shortsleeve,반팔,success,
shortsleeve,반팔,success,
shortsleeve,반팔,success,
shortsleeve,반팔,success,
shortsleeve,반팔,success,
shortsleeve,반팔,success,
shortsleeve,반팔,success,
shortsleeve,반팔,success,
shortsleeve,반팔,success,
shortsleeve,반팔,success,
shortsleeve,반팔,success,
shortsleeve,반팔,success,
shortsleeve,반팔,success,
shortsleeve,반팔,success,
shortsleeve,반팔,success,
shortsleeve,반팔,success,
shortsleeve,반팔,success,
shortsleeve,반팔,success,
shortsleeve,반팔,success,
shortsleeve,반팔,success,
shortsleeve,반팔,success,
shortsleeve,반팔,success,
shortsleeve,반팔,success,
shortsleeve,반팔,success,
shortsleeve,반팔,success,
shortsleeve,반팔,success,
shortsleeve,반팔,success,
shortsleeve,반팔,success,
shortsleeve,반팔,success,
shortsleeve,반팔,success,
shortsleeve,반팔,success,
shortsleeve,반팔,success,
shortsleeve,반팔,success,
shortsleeve,반팔,different_image,
shortsleeve,반팔,success,
shortsleeve,반팔,success,
shortsleeve,반팔,success,
shortsleeve,반팔,success,
shortsleeve,반팔,success,
shortsleeve,반팔,success,
shortsleeve,반팔,success,
shortsleeve,반팔,success,
shortsleeve,반팔,success,
shortsleeve,반팔,success,
shortsleeve,반팔,success,
shortsleeve,반팔,success,
shortsleeve,반팔,success,
shortsleeve,반팔,success,
shortsleeve,반팔,success,
shortsleeve,반팔,success,
shortsleeve,반팔,success,
shortsleeve,반팔,success,
shortsleeve,반팔,success,
shortsleeve,반팔,success,
shortsleeve,반팔,success,
shortsleeve,반팔,success,
shortsleeve,반팔,success,
shortsleeve,반팔,success,
shortsleeve,반팔,success,
shortsleeve,반팔,success,
shortsleeve,반팔,success,
shortsleeve,반팔,success,
shortsleeve,반팔,different_image,
shortsleeve,반팔,success,
shortsleeve,반팔,success,
shortsleeve,반팔,success,
shortsleeve,반팔,success,
shortsleeve,반팔,success,
shortsleeve,반팔,success,
shortsleeve,반팔,success,
shortsleeve,반팔,success,
shortsleeve,반팔,success,
shortsleeve,반팔,success,
shortsleeve,반팔,different_image,
shortsleeve,반팔,success,
shortsleeve,반팔,success,
shortsleeve,반팔,success,
shortsleeve,반팔,success,
shortsleeve,반팔,success,
shortsleeve,반팔,success,
shortsleeve,반팔,success,
shortsleeve,반팔,success,
shortsleeve,반팔,success,
shortsleeve,반팔,success,
shortsleeve,반팔,success,
shortsleeve,반팔,success,
shortsleeve,반팔,success,
shortsleeve,반팔,success,
shortsleeve,반팔,success,
shortsleeve,반팔,success,
shortsleeve,반팔,success,
shortsleeve,반팔,success,
shortsleeve,반팔,success,
shortsleeve,반팔,success,
shortsleeve,반팔,success,
shortsleeve,반팔,success,
shortsleeve,반팔,success,
shortsleeve,반팔,success,
shortsleeve,반팔,success,
shortsleeve,반팔,success,
shortsleeve,반팔,success,
shortsleeve,반팔,success,
shortsleeve,반팔,success,
shortsleeve,반팔,success,
shortsleeve,반팔,success,
shortsleeve,반팔,success,
shortsleeve,반팔,success,
shortsleeve,반팔,success,
shortsleeve,반팔,success,
shortsleeve,반팔,success,
shortsleeve,반팔,success,
shortsleeve,반팔,success,
shortsleeve,반팔,success,
shortsleeve,반팔,success,
shortsleeve,반팔,success,
shortsleeve,반팔,success,
shortsleeve,반팔,success,
shortsleeve,반팔,success,
shortsleeve,반팔,success,
shortsleeve,반팔,success,
shortsleeve,반팔,success,
shortsleeve,반팔,success,
shortsleeve,반팔,success,
shortsleeve,반팔,success,
shortsleeve,반팔,success,
shortsleeve,반팔,success,
shortsleeve,반팔,success,
shortsleeve,반팔,success,
shortsleeve,반팔,success,
shortsleeve,반팔,success,
shortsleeve,반팔,success,
shortsleeve,반팔,success,
shortsleeve,반팔,success,
shortsleeve,반팔,success,
shortsleeve,반팔,success,
shortsleeve,반팔,success,
shortsleeve,반팔,success,
shortsleeve,반팔,success,
shortsleeve,반팔,success,
shortsleeve,반팔,success,
shortsleeve,반팔,success,
shortsleeve,반팔,success,
shortsleeve,반팔,success,
shortsleeve,반팔,success,
shortsleeve,반팔,success,
shortsleeve,반팔,success,
shortsleeve,반팔,success,
shortsleeve,반팔,success,
shortsleeve,반팔,success,
shortsleeve,반팔,success,
shortsleeve,반팔,success,
shortsleeve,반팔,success,
shortsleeve,반팔,success,
shortsleeve,반팔,success,
shortsleeve,반팔,success,
shortsleeve,반팔,success,
shortsleeve,반팔,success,
shortsleeve,반팔,success,
shortsleeve,반팔,success,
shortsleeve,반팔,success,
shortsleeve,반팔,success,
shortsleeve,반팔,success,
shortsleeve,반팔,success,
shortsleeve,반팔,success,
shortsleeve,반팔,success,
shortsleeve,반팔,success,
shortsleeve,반팔,success,
shortsleeve,반팔,success,
shortsleeve,반팔,success,
shortsleeve,반팔,success,
shortsleeve,반팔,success,
shortsleeve,반팔,success,
shortsleeve,반팔,success,
shortsleeve,반팔,success,
shortsleeve,반팔,success,
shortsleeve,반팔,success,
shortsleeve,반팔,success,
shortsleeve,반팔,success,
shortsleeve,반팔,success,
shortsleeve,반팔,success,
shortsleeve,반팔,success,
shortsleeve,반팔,success,
shortsleeve,반팔,success,
shortsleeve,반팔,success,
shortsleeve,반팔,success,
shortsleeve,반팔,success,
shortsleeve,반팔,success,
shortsleeve,반팔,success,
shortsleeve,반팔,success,
shortsleeve,반팔,success,
shortsleeve,반팔,success,
shortsleeve,반팔,success,
shortsleeve,반팔,success,
shortsleeve,반팔,success,
shortsleeve,반팔,success,
shortsleeve,반팔,success,
shortsleeve,반팔,success,
shortsleeve,반팔,success,
shortsleeve,반팔,success,
shortsleeve,반팔,success,
shortsleeve,반팔,success,
shortsleeve,반팔,success,
shortsleeve,반팔,success,
shortsleeve,반팔,success,
shortsleeve,반팔,success,
shortsleeve,반팔,success,
shortsleeve,반팔,success,
shortsleeve,반팔,success,
shortsleeve,반팔,success,
shortsleeve,반팔,success,
shortsleeve,반팔,success,
shortsleeve,반팔,success,
shortsleeve,반팔,success,
shortsleeve,반팔,success,
shortsleeve,반팔,success,
shortsleeve,반팔,success,
shortsleeve,반팔,success,
shortsleeve,반팔,success,
shortsleeve,반팔,success,
shortsleeve,반팔,success,
shortsleeve,반팔,success,
shortsleeve,반팔,success,
shortsleeve,반팔,success,
shortsleeve,반팔,success,
shortsleeve,반팔,success,
shortsleeve,반팔,success,
shortsleeve,반팔,success,
shortsleeve,반팔,success,
shortsleeve,반팔,success,
shortsleeve,반팔,success,
shortsleeve,반팔,success,
shortsleeve,반팔,success,
shortsleeve,반팔,success,
shortsleeve,반팔,success,
shortsleeve,반팔,success,
shortsleeve,반팔,success,
shortsleeve,반팔,success,
shortsleeve,반팔,success,
shortsleeve,반팔,success,
shortsleeve,반팔,success,
shortsleeve,반팔,success,
shortsleeve,반팔,success,
shortsleeve,반팔,success,
shortsleeve,반팔,success,
shortsleeve,반팔,success,
shortsleeve,반팔,success,
shortsleeve,반팔,success,
shortsleeve,반팔,success,
shortsleeve,반팔,success,
shortsleeve,반팔,success,
shortsleeve,반팔,success,
shortsleeve,반팔,success,
shortsleeve,반팔,success,
shortsleeve,반팔,success,
shortsleeve,반팔,success,
shortsleeve,반팔,success,
shortsleeve,반팔,success,
shortsleeve,반팔,success,
shortsleeve,반팔,success,
shortsleeve,반팔,success,
shortsleeve,반팔,success,
shortsleeve,반팔,success,
shortsleeve,반팔,success,
shortsleeve,반팔,success,
shortsleeve,반팔,success,
shortsleeve,반팔,success,
shortsleeve,반팔,success,
shortsleeve,반팔,success,
shortsleeve,반팔,success,
shortsleeve,반팔,success,
shortsleeve,반팔,success,
shortsleeve,반팔,success,
shortsleeve,반팔,success,
shortsleeve,반팔,success,
shortsleeve,반팔,success,
shortsleeve,반팔,success,
shortsleeve,반팔,success,
shortsleeve,반팔,success,
shortsleeve,반팔,success,
shortsleeve,반팔,success,
shortsleeve,반팔,success,
shortsleeve,반팔,success,
shortsleeve,반팔,success,
shortsleeve,반팔,success,
shortsleeve,반팔,success,
shortsleeve,반팔,success,
shortsleeve,반팔,success,
shortsleeve,반팔,success,
shortsleeve,반팔,success,
shortsleeve,반팔,success,
shortsleeve,반팔,success,
shortsleeve,반팔,success,
shortsleeve,반팔,success,
shortsleeve,반팔,success,
shortsleeve,반팔,success,
shortsleeve,반팔,success,
shortsleeve,반팔,success,
shortsleeve,반팔,success,
shortsleeve,반팔,success,
shortsleeve,반팔,success,
shortsleeve,반팔,success,
shortsleeve,반팔,success,
shortsleeve,반팔,success,
shortsleeve,반팔,success,
shortsleeve,반팔,success,
shortsleeve,반팔,success,
shortsleeve,반팔,success,
shortsleeve,반팔,success,
shortsleeve,반팔,success,
shortsleeve,반팔,success,
shortsleeve,반팔,success,
shortsleeve,반팔,success,
shortsleeve,반팔,success,
shortsleeve,반팔,success,
shortsleeve,반팔,success,
shortsleeve,반팔,success,
shortsleeve,반팔,success,
shortsleeve,반팔,success,
shortsleeve,반팔,success,
shortsleeve,반팔,success,
shortsleeve,반팔,success,
shortsleeve,반팔,success,
shortsleeve,반팔,success,
shortsleeve,반팔,success,
shortsleeve,반팔,success,
shortsleeve,반팔,success,
shortsleeve,반팔,success,
shortsleeve,반팔,success,
shortsleeve,반팔,success,
shortsleeve,반팔,success,
shortsleeve,반팔,success,
shortsleeve,반팔,success,
shortsleeve,반팔,success,
shortsleeve,반팔,success,
shortsleeve,반팔,success,
shortsleeve,반팔,success,
shortsleeve,반팔,success,
shortsleeve,반팔,success,
shortsleeve,반팔,success,
shortsleeve,반팔,success,
shortsleeve,반팔,success,
shortsleeve,반팔,success,
shortsleeve,반팔,success,
shortsleeve,반팔,success,
shortsleeve,반팔,success,
shortsleeve,반팔,success,
shortsleeve,반팔,success,
shortsleeve,반팔,success,
shortsleeve,반팔,success,
shortsleeve,반팔,success,
shortsleeve,반팔,success,
shortsleeve,반팔,success,
shortsleeve,반팔,success,
shortsleeve,반팔,success,
shortsleeve,반팔,success,
shortsleeve,반팔,success,
shortsleeve,반팔,success,
shortsleeve,반팔,success,
shortsleeve,반팔,success,
shortsleeve,반팔,success,
shortsleeve,반팔,success,
shortsleeve,반팔,success,
shortsleeve,반팔,success,
shortsleeve,반팔,success,
shortsleeve,반팔,success,
shortsleeve,반팔,success,
shortsleeve,반팔,success,
shortsleeve,반팔,success,
shortsleeve,반팔,success,
shortsleeve,반팔,success,
shortsleeve,반팔,success,
shortsleeve,반팔,success,
shortsleeve,반팔,success,
shortsleeve,반팔,success,
shortsleeve,반팔,success,
shortsleeve,반팔,success,
shortsleeve,반팔,success,
shortsleeve,반팔,success,
shortsleeve,반팔,success,
shortsleeve,반팔,success,
shortsleeve,반팔,success,
shortsleeve,반팔,success,
shortsleeve,반팔,success,
shortsleeve,반팔,success,
shortsleeve,반팔,success,
shortsleeve,반팔,success,
shortsleeve,반팔,success,
shortsleeve,반팔,success,
shortsleeve,반팔,success,
shortsleeve,반팔,success,
shortsleeve,반팔,success,
shortsleeve,반팔,success,
shortsleeve,반팔,success,
shortsleeve,반팔,success,
shortsleeve,반팔,success,
shortsleeve,반팔,success,
shortsleeve,반팔,success,
shortsleeve,반팔,success,
shortsleeve,반팔,success,
shortsleeve,반팔,success,
shortsleeve,반팔,success,
shortsleeve,반팔,success,
shortsleeve,반팔,success,
shortsleeve,반팔,success,
shortsleeve,반팔,success,
shortsleeve,반팔,success,
shortsleeve,반팔,success,
shortsleeve,반팔,success,
shortsleeve,반팔,success,
shortsleeve,반팔,success,
shortsleeve,반팔,success,
shortsleeve,반팔,success,
shortsleeve,반팔,success,
shortsleeve,반팔,success,
shortsleeve,반팔,success,
shortsleeve,반팔,success,
shortsleeve,반팔,success,
shortsleeve,반팔,success,
shortsleeve,반팔,success,
shortsleeve,반팔,success,
shortsleeve,반팔,success,
shortsleeve,반팔,success,
shortsleeve,반팔,success,
shortsleeve,반팔,success,
shortsleeve,반팔,success,
shortsleeve,반팔,success,
shortsleeve,반팔,success,
shortsleeve,반팔,success,
shortsleeve,반팔,success,
shortsleeve,반팔,success,
shortsleeve,반팔,success,
shortsleeve,반팔,success,
shortsleeve,반팔,success,
shortsleeve,반팔,success,
shortsleeve,반팔,success,
shortsleeve,반팔,success,
shortsleeve,반팔,success,
shortsleeve,반팔,success,
shortsleeve,반팔,success,
shortsleeve,반팔,success,
shortsleeve,반팔,success,
shortsleeve,반팔,success,
shortsleeve,반팔,success,
shortsleeve,반팔,success,
shortsleeve,반팔,success,
shortsleeve,반팔,success,
shortsleeve,반팔,success,
shortsleeve,반팔,success,
shortsleeve,반팔,success,
shortsleeve,반팔,success,
shortsleeve,반팔,success,
shortsleeve,반팔,success,
shortsleeve,반팔,success,
shortsleeve,반팔,success,
shortsleeve,반팔,success,
shortsleeve,반팔,success,
shortsleeve,반팔,success,
shortsleeve,반팔,success,
shortsleeve,반팔,success,
shortsleeve,반팔,success,
shortsleeve,반팔,success,
shortsleeve,반팔,success,
shortsleeve,반팔,success,
shortsleeve,반팔,success,
shortsleeve,반팔,success,
shortsleeve,반팔,success,
shortsleeve,반팔,success,
shortsleeve,반팔,success,
shortsleeve,반팔,success,
shortsleeve,반팔,success,
shortsleeve,반팔,success,
shortsleeve,반팔,success,
shortsleeve,반팔,success,
shortsleeve,반팔,success,
shortsleeve,반팔,success,
shortsleeve,반팔,success,
shortsleeve,반팔,success,
shortsleeve,반팔,success,
shortsleeve,반팔,success,
shortsleeve,반팔,success,
shortsleeve,반팔,success,
shortsleeve,반팔,success,
shortsleeve,반팔,success,
shortsleeve,반팔,success,
shortsleeve,반팔,success,
shortsleeve,반팔,success,
shortsleeve,반팔,success,
shortsleeve,반팔,success,
shortsleeve,반팔,success,
shortsleeve,반팔,success,
shortsleeve,반팔,success,
shortsleeve,반팔,success,
shortsleeve,반팔,success,
shortsleeve,반팔,success,
shortsleeve,반팔,success,
shortsleeve,반팔,success,
shortsleeve,반팔,success,
shortsleeve,반팔,success,
shortsleeve,반팔,different_image,
shortsleeve,반팔,success,
shortsleeve,반팔,success,
shortsleeve,반팔,success,
shortsleeve,반팔,success,
shortsleeve,반팔,success,
shortsleeve,반팔,success,
shortsleeve,반팔,success,
shortsleeve,반팔,success,
shortsleeve,반팔,success,
shortsleeve,반팔,success,
shortsleeve,반팔,success,
shortsleeve,반팔,success,
shortsleeve,반팔,success,
shortsleeve,반팔,success,
shortsleeve,반팔,success,
shortsleeve,반팔,success,
shortsleeve,반팔,success,
shortsleeve,반팔,success,
shortsleeve,반팔,success,
shortsleeve,반팔,success,
shortsleeve,반팔,success,
shortsleeve,반팔,success,
shortsleeve,반팔,success,
shortsleeve,반팔,success,
shortsleeve,반팔,success,
shortsleeve,반팔,success,
shortsleeve,반팔,success,
shortsleeve,반팔,success,
shortsleeve,반팔,success,
shortsleeve,반팔,success,
shortsleeve,반팔,different_image,
shortsleeve,반팔,success,
shortsleeve,반팔,success,
shortsleeve,반팔,success,
shortsleeve,반팔,success,
shortsleeve,반팔,success,
shortsleeve,반팔,success,
shortsleeve,반팔,success,
shortsleeve,반팔,success,
shortsleeve,반팔,success,
shortsleeve,반팔,success,
shortsleeve,반팔,success,
shortsleeve,반팔,success,
shortsleeve,반팔,success,
shortsleeve,반팔,success,
shortsleeve,반팔,success,
shortsleeve,반팔,success,
shortsleeve,반팔,success,
shortsleeve,반팔,success,
shortsleeve,반팔,success,
shortsleeve,반팔,success,
shortsleeve,반팔,success,
shortsleeve,반팔,success,
shortsleeve,반팔,success,
shortsleeve,반팔,success,
shortsleeve,반팔,success,
longsleeve,긴팔,success,
longsleeve,긴팔,success,
longsleeve,긴팔,success,
longsleeve,긴팔,success,
longsleeve,긴팔,success,
longsleeve,긴팔,success,
longsleeve,긴팔,different_image,
longsleeve,긴팔,success,
longsleeve,긴팔,success,
longsleeve,긴팔,success,
longsleeve,긴팔,success,
longsleeve,긴팔,success,
longsleeve,긴팔,success,
longsleeve,긴팔,success,
longsleeve,긴팔,success,
longsleeve,긴팔,success,
longsleeve,긴팔,success,
longsleeve,긴팔,success,
longsleeve,긴팔,success,
longsleeve,긴팔,success,
longsleeve,긴팔,success,
longsleeve,긴팔,success,
longsleeve,긴팔,success,
longsleeve,긴팔,success,
longsleeve,긴팔,different_image,
longsleeve,긴팔,success,
longsleeve,긴팔,success,
longsleeve,긴팔,success,
longsleeve,긴팔,success,
longsleeve,긴팔,success,
longsleeve,긴팔,success,
longsleeve,긴팔,success,
longsleeve,긴팔,success,
longsleeve,긴팔,success,
longsleeve,긴팔,success,
longsleeve,긴팔,success,
longsleeve,긴팔,success,
longsleeve,긴팔,success,
longsleeve,긴팔,success,
longsleeve,긴팔,success,
longsleeve,긴팔,success,
longsleeve,긴팔,success,
longsleeve,긴팔,success,
longsleeve,긴팔,success,
longsleeve,긴팔,success,
longsleeve,긴팔,success,
longsleeve,긴팔,success,
longsleeve,긴팔,success,
longsleeve,긴팔,success,
longsleeve,긴팔,success,
longsleeve,긴팔,success,
longsleeve,긴팔,success,
longsleeve,긴팔,success,
longsleeve,긴팔,success,
longsleeve,긴팔,success,
longsleeve,긴팔,success,
longsleeve,긴팔,success,
longsleeve,긴팔,success,
longsleeve,긴팔,success,
longsleeve,긴팔,success,
longsleeve,긴팔,success,
longsleeve,긴팔,success,
longsleeve,긴팔,success,
longsleeve,긴팔,success,
longsleeve,긴팔,success,
longsleeve,긴팔,success,
longsleeve,긴팔,success,
longsleeve,긴팔,success,
longsleeve,긴팔,success,
longsleeve,긴팔,success,
longsleeve,긴팔,success,
longsleeve,긴팔,success,
longsleeve,긴팔,success,
longsleeve,긴팔,success,
longsleeve,긴팔,success,
longsleeve,긴팔,success,
longsleeve,긴팔,success,
longsleeve,긴팔,success,
longsleeve,긴팔,success,
longsleeve,긴팔,success,
longsleeve,긴팔,success,
longsleeve,긴팔,success,
longsleeve,긴팔,success,
longsleeve,긴팔,success,
longsleeve,긴팔,success,
longsleeve,긴팔,success,
longsleeve,긴팔,success,
longsleeve,긴팔,success,
longsleeve,긴팔,success,
longsleeve,긴팔,success,
longsleeve,긴팔,success,
longsleeve,긴팔,success,
longsleeve,긴팔,success,
longsleeve,긴팔,success,
longsleeve,긴팔,success,
longsleeve,긴팔,success,
longsleeve,긴팔,success,
longsleeve,긴팔,success,
longsleeve,긴팔,success,
longsleeve,긴팔,success,
longsleeve,긴팔,success,
longsleeve,긴팔,success,
longsleeve,긴팔,success,
longsleeve,긴팔,success,
longsleeve,긴팔,success,
longsleeve,긴팔,success,
longsleeve,긴팔,success,
longsleeve,긴팔,success,
longsleeve,긴팔,success,
longsleeve,긴팔,success,
longsleeve,긴팔,success,
longsleeve,긴팔,success,
longsleeve,긴팔,success,
longsleeve,긴팔,success,
longsleeve,긴팔,success,
longsleeve,긴팔,success,
longsleeve,긴팔,success,
longsleeve,긴팔,success,
longsleeve,긴팔,success,
longsleeve,긴팔,success,
longsleeve,긴팔,success,
longsleeve,긴팔,success,
longsleeve,긴팔,success,
longsleeve,긴팔,success,
longsleeve,긴팔,success,
longsleeve,긴팔,success,
longsleeve,긴팔,success,
longsleeve,긴팔,success,
longsleeve,긴팔,success,
longsleeve,긴팔,success,
longsleeve,긴팔,success,
longsleeve,긴팔,success,
longsleeve,긴팔,success,
longsleeve,긴팔,success,
longsleeve,긴팔,success,
longsleeve,긴팔,success,
longsleeve,긴팔,success,
longsleeve,긴팔,success,
longsleeve,긴팔,success,
longsleeve,긴팔,success,
longsleeve,긴팔,success,
longsleeve,긴팔,success,
longsleeve,긴팔,success,
longsleeve,긴팔,success,
longsleeve,긴팔,success,
longsleeve,긴팔,success,
longsleeve,긴팔,success,
longsleeve,긴팔,success,
longsleeve,긴팔,success,
longsleeve,긴팔,success,
longsleeve,긴팔,success,
longsleeve,긴팔,success,
longsleeve,긴팔,success,
longsleeve,긴팔,success,
longsleeve,긴팔,success,
longsleeve,긴팔,success,
longsleeve,긴팔,success,
longsleeve,긴팔,success,
longsleeve,긴팔,success,
longsleeve,긴팔,success,
longsleeve,긴팔,success,
longsleeve,긴팔,success,
longsleeve,긴팔,success,
longsleeve,긴팔,success,
longsleeve,긴팔,success,
longsleeve,긴팔,success,
longsleeve,긴팔,success,
longsleeve,긴팔,success,
longsleeve,긴팔,success,
longsleeve,긴팔,success,
longsleeve,긴팔,success,
longsleeve,긴팔,success,
longsleeve,긴팔,success,
longsleeve,긴팔,success,
longsleeve,긴팔,success,
longsleeve,긴팔,success,
longsleeve,긴팔,success,
longsleeve,긴팔,success,
longsleeve,긴팔,success,
longsleeve,긴팔,success,
longsleeve,긴팔,success,
longsleeve,긴팔,success,
longsleeve,긴팔,success,
longsleeve,긴팔,success,
longsleeve,긴팔,success,
longsleeve,긴팔,success,
longsleeve,긴팔,success,
longsleeve,긴팔,success,
longsleeve,긴팔,success,
longsleeve,긴팔,success,
longsleeve,긴팔,success,
longsleeve,긴팔,success,
longsleeve,긴팔,success,
longsleeve,긴팔,success,
longsleeve,긴팔,success,
longsleeve,긴팔,success,
longsleeve,긴팔,success,
longsleeve,긴팔,success,
longsleeve,긴팔,success,
longsleeve,긴팔,success,
longsleeve,긴팔,success,
longsleeve,긴팔,success,
longsleeve,긴팔,success,
longsleeve,긴팔,success,
longsleeve,긴팔,success,
longsleeve,긴팔,success,
longsleeve,긴팔,success,
longsleeve,긴팔,success,
longsleeve,긴팔,success,
longsleeve,긴팔,success,
longsleeve,긴팔,success,
longsleeve,긴팔,success,
longsleeve,긴팔,success,
longsleeve,긴팔,success,
longsleeve,긴팔,success,
longsleeve,긴팔,success,
longsleeve,긴팔,success,
longsleeve,긴팔,success,
longsleeve,긴팔,success,
longsleeve,긴팔,success,
longsleeve,긴팔,success,
longsleeve,긴팔,success,
longsleeve,긴팔,success,
longsleeve,긴팔,success,
longsleeve,긴팔,success,
longsleeve,긴팔,success,
longsleeve,긴팔,success,
longsleeve,긴팔,success,
longsleeve,긴팔,success,
longsleeve,긴팔,success,
longsleeve,긴팔,success,
longsleeve,긴팔,success,
longsleeve,긴팔,success,
longsleeve,긴팔,success,
longsleeve,긴팔,success,
longsleeve,긴팔,success,
longsleeve,긴팔,success,
longsleeve,긴팔,success,
longsleeve,긴팔,success,
longsleeve,긴팔,success,
longsleeve,긴팔,success,
longsleeve,긴팔,success,
longsleeve,긴팔,success,
longsleeve,긴팔,success,
longsleeve,긴팔,success,
longsleeve,긴팔,success,
longsleeve,긴팔,success,
longsleeve,긴팔,success,
longsleeve,긴팔,success,
longsleeve,긴팔,success,
longsleeve,긴팔,success,
longsleeve,긴팔,success,
longsleeve,긴팔,success,
longsleeve,긴팔,success,
longsleeve,긴팔,success,
longsleeve,긴팔,success,
longsleeve,긴팔,success,
longsleeve,긴팔,success,
longsleeve,긴팔,success,
longsleeve,긴팔,success,
longsleeve,긴팔,success,
longsleeve,긴팔,success,
longsleeve,긴팔,success,
longsleeve,긴팔,success,
longsleeve,긴팔,success,
longsleeve,긴팔,success,
longsleeve,긴팔,success,
longsleeve,긴팔,success,
longsleeve,긴팔,success,
longsleeve,긴팔,success,
longsleeve,긴팔,success,
longsleeve,긴팔,success,
longsleeve,긴팔,success,
longsleeve,긴팔,success,
longsleeve,긴팔,success,
longsleeve,긴팔,success,
longsleeve,긴팔,success,
longsleeve,긴팔,success,
longsleeve,긴팔,success,
longsleeve,긴팔,success,
longsleeve,긴팔,success,
longsleeve,긴팔,success,
longsleeve,긴팔,success,
longsleeve,긴팔,success,
longsleeve,긴팔,success,
longsleeve,긴팔,success,
longsleeve,긴팔,success,
longsleeve,긴팔,success,
longsleeve,긴팔,success,
longsleeve,긴팔,success,
longsleeve,긴팔,success,
longsleeve,긴팔,success,
longsleeve,긴팔,success,
longsleeve,긴팔,success,
longsleeve,긴팔,success,
longsleeve,긴팔,success,
longsleeve,긴팔,success,
longsleeve,긴팔,success,
longsleeve,긴팔,success,
longsleeve,긴팔,success,
longsleeve,긴팔,success,
longsleeve,긴팔,success,
longsleeve,긴팔,success,
longsleeve,긴팔,success,
longsleeve,긴팔,success,
longsleeve,긴팔,success,
longsleeve,긴팔,success,
longsleeve,긴팔,success,
longsleeve,긴팔,success,
longsleeve,긴팔,success,
longsleeve,긴팔,success,
longsleeve,긴팔,success,
longsleeve,긴팔,success,
longsleeve,긴팔,success,
longsleeve,긴팔,success,
longsleeve,긴팔,success,
longsleeve,긴팔,success,
longsleeve,긴팔,success,
longsleeve,긴팔,success,
knit,니트,success,
knit,니트,success,
knit,니트,success,
knit,니트,success,
knit,니트,success,
knit,니트,success,
knit,니트,success,
knit,니트,success,
knit,니트,success,
knit,니트,success,
knit,니트,success,
knit,니트,success,
knit,니트,success,
knit,니트,success,
knit,니트,success,
knit,니트,success,
knit,니트,success,
knit,니트,success,
knit,니트,success,
knit,니트,success,
knit,니트,success,
knit,니트,success,
knit,니트,success,
knit,니트,success,
knit,니트,success,
knit,니트,success,
knit,니트,success,
knit,니트,success,
knit,니트,success,
knit,니트,success,
knit,니트,success,
knit,니트,success,
knit,니트,success,
knit,니트,success,
knit,니트,success,
knit,니트,success,
knit,니트,success,
knit,니트,success,
knit,니트,success,
knit,니트,success,
knit,니트,success,
knit,니트,success,
knit,니트,success,
knit,니트,success,
knit,니트,success,
knit,니트,success,
knit,니트,success,
knit,니트,success,
knit,니트,success,
knit,니트,success,
knit,니트,success,
knit,니트,success,
knit,니트,success,
knit,니트,success,
knit,니트,success,
knit,니트,success,
knit,니트,success,
knit,니트,success,
knit,니트,success,
knit,니트,success,
knit,니트,success,
knit,니트,success,
knit,니트,success,
knit,니트,success,
knit,니트,success,
knit,니트,success,
knit,니트,success,
knit,니트,success,
knit,니트,success,
knit,니트,success,
knit,니트,success,
knit,니트,success,
knit,니트,success,
knit,니트,success,
knit,니트,success,
knit,니트,success,
knit,니트,success,
knit,니트,success,
knit,니트,success,
knit,니트,success,
knit,니트,success,
knit,니트,success,
knit,니트,success,
knit,니트,success,
knit,니트,success,
knit,니트,success,
knit,니트,success,
knit,니트,success,
knit,니트,success,
knit,니트,success,
knit,니트,success,
knit,니트,success,
knit,니트,success,
knit,니트,success,
knit,니트,success,
knit,니트,success,
knit,니트,success,
knit,니트,success,
knit,니트,success,
knit,니트,success,
knit,니트,success,
knit,니트,success,
knit,니트,success,
knit,니트,success,
knit,니트,success,
knit,니트,success,
knit,니트,success,
knit,니트,success,
knit,니트,success,
knit,니트,success,
knit,니트,success,
knit,니트,success,
knit,니트,success,
knit,니트,success,
knit,니트,success,
knit,니트,success,
knit,니트,success,
knit,니트,success,
knit,니트,success,
knit,니트,success,
knit,니트,success,
knit,니트,success,
knit,니트,success,
knit,니트,success,
knit,니트,success,
knit,니트,success,
knit,니트,success,
knit,니트,success,
knit,니트,success,
knit,니트,success,
knit,니트,success,
knit,니트,success,
knit,니트,success,
knit,니트,success,
knit,니트,success,
knit,니트,success,
knit,니트,success,
knit,니트,success,
knit,니트,success,
knit,니트,success,
knit,니트,success,
knit,니트,success,
knit,니트,success,
knit,니트,success,
knit,니트,success,
knit,니트,success,
knit,니트,success,
knit,니트,success,
knit,니트,success,
knit,니트,success,
knit,니트,success,
knit,니트,success,
knit,니트,success,
knit,니트,success,
knit,니트,success,
knit,니트,success,
knit,니트,success,
knit,니트,success,
knit,니트,success,
knit,니트,success,
knit,니트,success,
knit,니트,success,
knit,니트,success,
knit,니트,success,
knit,니트,success,
knit,니트,success,
knit,니트,success,
knit,니트,success,
knit,니트,success,
knit,니트,success,
knit,니트,success,
knit,니트,success,
knit,니트,success,
knit,니트,success,
knit,니트,success,
knit,니트,success,
knit,니트,success,
knit,니트,success,
knit,니트,success,
knit,니트,success,
knit,니트,success,
knit,니트,success,
knit,니트,success,
knit,니트,different_image,
knit,니트,success,
knit,니트,success,
knit,니트,success,
knit,니트,success,
knit,니트,success,
knit,니트,success,
knit,니트,success,
knit,니트,success,
knit,니트,success,
knit,니트,success,
knit,니트,success,
knit,니트,success,
knit,니트,success,
knit,니트,success,
knit,니트,success,
knit,니트,success,
knit,니트,success,
knit,니트,success,
knit,니트,success,
knit,니트,success,
knit,니트,success,
knit,니트,success,
knit,니트,success,
knit,니트,success,
knit,니트,success,
knit,니트,success,
knit,니트,success,
knit,니트,success,
knit,니트,success,
knit,니트,success,
knit,니트,success,
knit,니트,success,
knit,니트,success,
knit,니트,success,
knit,니트,success,
knit,니트,success,
knit,니트,success,
knit,니트,success,
knit,니트,success,
knit,니트,success,
knit,니트,success,
knit,니트,success,
knit,니트,success,
knit,니트,success,
knit,니트,success,
knit,니트,success,
knit,니트,success,
knit,니트,success,
knit,니트,success,
knit,니트,success,
knit,니트,success,
knit,니트,success,
knit,니트,success,
knit,니트,success,
knit,니트,success,
knit,니트,success,
knit,니트,success,
knit,니트,success,
knit,니트,success,
knit,니트,success,
knit,니트,success,
knit,니트,success,
knit,니트,success,
knit,니트,success,
knit,니트,success,
knit,니트,success,
knit,니트,success,
knit,니트,success,
knit,니트,success,
knit,니트,success,
knit,니트,success,
knit,니트,success,
knit,니트,success,
knit,니트,success,
knit,니트,success,
knit,니트,success,
knit,니트,success,
knit,니트,success,
knit,니트,success,
knit,니트,success,
knit,니트,success,
knit,니트,success,
knit,니트,success,
knit,니트,success,
knit,니트,success,
knit,니트,success,
knit,니트,success,
knit,니트,success,
knit,니트,success,
knit,니트,success,
knit,니트,success,
knit,니트,success,
knit,니트,success,
knit,니트,success,
knit,니트,success,
knit,니트,success,
knit,니트,success,
knit,니트,success,
knit,니트,success,
knit,니트,success,
knit,니트,success,
knit,니트,success,
knit,니트,success,
knit,니트,success,
knit,니트,success,
knit,니트,success,
knit,니트,success,
knit,니트,success,
knit,니트,success,
knit,니트,success,
knit,니트,success,
knit,니트,success,
knit,니트,success,
knit,니트,success,
knit,니트,success,
knit,니트,success,
knit,니트,success,
knit,니트,success,
coat,코트,success,
coat,코트,success,
coat,코트,success,
coat,코트,success,
coat,코트,success,
coat,코트,success,
coat,코트,success,
coat,코트,success,
coat,코트,success,
coat,코트,success,
coat,코트,success,
coat,코트,success,
coat,코트,different_image,
pants_etc,바지,success,
pants_etc,바지,success,
pants_etc,바지,success,
pants_etc,바지,success,
pants_etc,바지,success,
pants_etc,바지,success,
pants_etc,바지,success,
pants_etc,바지,success,
pants_etc,바지,success,
pants_etc,바지,success,
pants_etc,바지,success,
pants_etc,바지,success,
pants_etc,바지,success,
pants_etc,바지,success,
pants_etc,바지,success,
pants_etc,바지,different_image,
pants_etc,바지,success,
pants_etc,바지,success,
pants_etc,바지,success,
pants_etc,바지,success,
pants_etc,바지,success,
pants_etc,바지,success,
pants_etc,바지,success,
pants_etc,바지,success,
pants_etc,바지,success,
pants_etc,바지,success,
pants_etc,바지,success,
pants_etc,바지,success,
pants_etc,바지,success,
pants_etc,바지,success,
pants_etc,바지,success,
pants_etc,바지,success,
pants_etc,바지,success,
pants_etc,바지,success,
pants_etc,바지,success,
pants_etc,바지,success,
pants_etc,바지,success,
pants_etc,바지,success,
pants_etc,바지,success,
pants_etc,바지,success,
pants_etc,바지,success,
pants_etc,바지,success,
pants_etc,바지,success,
pants_etc,바지,success,
pants_etc,바지,success,
pants_etc,바지,success,
pants_etc,바지,success,
pants_etc,바지,success,
pants_etc,바지,success,
pants_etc,바지,success,
pants_etc,바지,success,
pants_etc,바지,success,
pants_etc,바지,success,
pants_etc,바지,success,
pants_etc,바지,success,
pants_etc,바지,success,
pants_etc,바지,success,
pants_etc,바지,success,
pants_etc,바지,success,
pants_etc,바지,success,
pants_etc,바지,success,
pants_etc,바지,success,
pants_etc,바지,success,
pants_etc,바지,success,
pants_etc,바지,success,
pants_etc,바지,success,
pants_etc,바지,success,
pants_etc,바지,success,
pants_etc,바지,success,
pants_etc,바지,success,
pants_etc,바지,success,
pants_etc,바지,success,
pants_etc,바지,success,
pants_etc,바지,success,
pants_etc,바지,success,
pants_etc,바지,success,
pants_etc,바지,success,
pants_etc,바지,success,
pants_etc,바지,success,
pants_etc,바지,success,
pants_etc,바지,success,
pants_etc,바지,success,
pants_etc,바지,success,
pants_etc,바지,success,
pants_etc,바지,success,
pants_etc,바지,success,
pants_etc,바지,success,
pants_etc,바지,success,
pants_etc,바지,success,
pants_etc,바지,success,
pants_etc,바지,success,
pants_etc,바지,success,
pants_etc,바지,success,
pants_etc,바지,success,
pants_etc,바지,success,
pants_etc,바지,success,
pants_etc,바지,success,
pants_etc,바지,success,
jacket,자켓,success,
jacket,자켓,success,
jacket,자켓,success,
jacket,자켓,success,
jacket,자켓,success,
jacket,자켓,success,
jacket,자켓,success,
jacket,자켓,success,
jacket,자켓,success,
jacket,자켓,success,
jacket,자켓,success,
jacket,자켓,success,
jacket,자켓,success,
jacket,자켓,success,
jacket,자켓,success,
jacket,자켓,success,
jacket,자켓,success,
jacket,자켓,success,
jacket,자켓,success,
jacket,자켓,success,
jacket,자켓,success,
jacket,자켓,success,
jacket,자켓,success,
jacket,자켓,success,
jacket,자켓,success,
jacket,자켓,success,
jacket,자켓,success,
jacket,자켓,success,
jacket,자켓,success,
jacket,자켓,success,
jacket,자켓,success,
jacket,자켓,success,
jacket,자켓,success,
jacket,자켓,success,
jacket,자켓,success,
jacket,자켓,success,
jacket,자켓,success,
jacket,자켓,success,
jacket,자켓,success,
jacket,자켓,success,
jacket,자켓,success,
jacket,자켓,success,
jacket,자켓,success,
jacket,자켓,success,
jacket,자켓,success,
jacket,자켓,success,
jacket,자켓,success,
jacket,자켓,success,
jacket,자켓,success,
jacket,자켓,success,
jacket,자켓,success,
jacket,자켓,success,
jacket,자켓,success,
jacket,자켓,success,
jacket,자켓,success,
jacket,자켓,different_image,
jacket,자켓,success,
jacket,자켓,success,
jacket,자켓,success,
jacket,자켓,success,
jacket,자켓,success,
jacket,자켓,success,
jacket,자켓,success,
jacket,자켓,success,
jacket,자켓,success,
jacket,자켓,success,
jacket,자켓,success,
jacket,자켓,success,
jacket,자켓,success,
jacket,자켓,success,
jacket,자켓,success,
jacket,자켓,success,
jacket,자켓,success,
jacket,자켓,success,
jacket,자켓,success,
jacket,자켓,success,
jacket,자켓,success,
jacket,자켓,success,
jacket,자켓,success,
jacket,자켓,success,
jacket,자켓,success,
jacket,자켓,success,
jacket,자켓,success,
jacket,자켓,success,
jacket,자켓,success,
jacket,자켓,success,
jacket,자켓,success,
jacket,자켓,success,
jacket,자켓,success,
jacket,자켓,success,
jacket,자켓,success,
jacket,자켓,success,
jacket,자켓,success,
jacket,자켓,success,
jacket,자켓,success,
jacket,자켓,success,
jacket,자켓,success,
jacket,자켓,success,
jacket,자켓,success,
jacket,자켓,success,
jacket,자켓,success,
jacket,자켓,success,
jacket,자켓,success,
jacket,자켓,success,
jacket,자켓,success,
jacket,자켓,success,
jacket,자켓,success,
jacket,자켓,success,
jacket,자켓,success,
jacket,자켓,success,
jacket,자켓,success,
jacket,자켓,success,
jacket,자켓,success,
jacket,자켓,success,
jacket,자켓,success,
jacket,자켓,success,
jacket,자켓,success,
jacket,자켓,success,
jacket,자켓,success,
jacket,자켓,success,
jacket,자켓,success,
jacket,자켓,success,
jacket,자켓,success,
jacket,자켓,success,
jacket,자켓,success,
jacket,자켓,success,
jacket,자켓,success,
jacket,자켓,success,
jacket,자켓,success,
jacket,자켓,success,
jacket,자켓,success,
jacket,자켓,success,
jacket,자켓,success,
jacket,자켓,success,
jacket,자켓,success,
jacket,자켓,success,
jacket,자켓,success,
jacket,자켓,success,
jacket,자켓,success,
jacket,자켓,success,
jacket,자켓,success,
jacket,자켓,success,
jacket,자켓,success,
jacket,자켓,success,
jacket,자켓,success,
jacket,자켓,success,
jacket,자켓,success,
jacket,자켓,success,
jacket,자켓,success,
jacket,자켓,success,
jacket,자켓,success,
jacket,자켓,success,
jacket,자켓,success,
jacket,자켓,success,
